{"count":1,"self":406.2036224,"total":1295.1786415,"children":{"InitializeActuators":{"count":2,"self":0.0025521999999999997,"total":0.0025521999999999997,"children":null},"InitializeSensors":{"count":2,"self":0.0020488999999999998,"total":0.0020488999999999998,"children":null},"AgentSendState":{"count":364034,"self":3.0983338,"total":12.8252727,"children":{"CollectObservations":{"count":145614,"self":2.1549104,"total":2.1549103,"children":null},"WriteActionMask":{"count":145614,"self":0.3733316,"total":0.3733316,"children":null},"RequestDecision":{"count":145614,"self":1.6279507,"total":7.1986969999999992,"children":{"AgentInfo.ToProto":{"count":145614,"self":1.5408218999999999,"total":5.5707463,"children":{"GenerateSensorData":{"count":145614,"self":4.0299244,"total":4.0299244,"children":null}}}}}}},"DecideAction":{"count":364034,"self":864.63969279999992,"total":864.6396793,"children":null},"AgentAct":{"count":364034,"self":11.4953776,"total":11.4953776,"children":null},"AgentInfo.ToProto":{"count":76,"self":0,"total":0.0075708,"children":{"GenerateSensorData":{"count":76,"self":0.0075708,"total":0.0075708,"children":null}}}},"gauges":{"Futbolito.CumulativeReward":{"count":76,"max":467.95694,"min":44.417778,"runningAverage":187.169556,"value":64.48901,"weightedAverage":128.535049}},"metadata":{"timer_format_version":"0.1.0","start_time_seconds":"1682459824","unity_version":"2022.1.23f1","command_line_arguments":"D:\\Otros\\Unity\\Editor\\2022.1.23f1\\Editor\\Unity.exe -projectpath D:\/Otros\/Unity\/Unity Projects\/Futbolito -useHub -hubIPC -cloudEnvironment production -hubSessionId 70f0c550-e3b0-11ed-a8f5-ff82bfafad73","communication_protocol_version":"1.5.0","com.unity.ml-agents_version":"2.0.1","scene_name":"SampleScene","end_time_seconds":"1682461119"}}